epoch,train_loss,train_wav,train_spect,train_sisdr,val_loss,val_wav,val_spect,val_sisdr,val_stoi,val_pesq,val_sisdr_metric
1,69.04499030198066,0.33703506361441254,69.2944140485173,-5.864590792270423,50.347443686591255,0.25827333141887,50.9131409478566,-8.239702466934446,0.7703262832429674,1.941627797533254,8.32667881543519
2,48.15536375826364,0.247475319008386,48.747827808203645,-8.399392567071201,46.701537904285246,0.2393962208713804,47.32651559133378,-8.643740926470075,0.7756614703980703,1.9439432322978973,8.719218111038208
3,44.03769619354574,0.22709787823922695,44.72741354402698,-9.168153139195832,42.979434482635014,0.22079570851628744,43.69622463650174,-9.375855127970377,0.7746225614396353,1.9882278380722835,9.369471755521051
4,40.749734479761635,0.21119090546174404,41.51623212569973,-9.776885671547724,38.401559133378285,0.19887567902841266,39.17932573954264,-9.766421355898418,0.7689814728403849,1.924962740095835,9.810925067417205
5,38.75421322961719,0.20078133901720369,39.57219726419958,-10.187653643380704,37.14424457247295,0.19272083812762822,37.99351619538807,-10.419925947037955,0.8018937347427247,2.091465361782762,10.567078332431981
6,38.228495465478865,0.19810761824197193,39.05990629094351,-10.295185634674127,37.81516517154754,0.19626959649816392,38.66332865518237,-10.444330321417915,0.7985036183917333,2.039166747513464,10.459154985718808
7,37.23192165754868,0.19328999201173885,38.09063683710065,-10.520051710970462,34.78778079199412,0.18044207552595745,35.70814508105081,-11.008064270019531,0.8013470901383294,2.0851816611905254,11.061007715040638
8,36.3441529460649,0.1889431952130964,37.23778615388157,-10.825763289190272,34.43187033940875,0.17905652274688086,35.37301441979787,-11.202005386352539,0.8044332918666658,2.1596279413469377,11.304817691926033
9,35.210786081293726,0.18321168963595216,36.13765431129211,-11.10079898104549,34.44799291519892,0.17905765417076291,35.38554385351756,-11.166084054916624,0.8037025247301374,2.1798902828185285,11.247785576054307
10,34.16537493912775,0.17811367259065874,35.1184399085537,-11.311786250287527,36.67105029878162,0.19146243683875552,37.58262307303293,-11.03035446954152,0.7940967830400618,2.1232456661039785,11.067480402608071
11,33.36726122988501,0.17421936083359651,34.34744373504802,-11.544018644455065,32.90024931468661,0.17197345291811322,33.89402103424072,-11.657449775271946,0.815306198029291,2.175382846492832,11.895141197463213
12,34.069361466105725,0.1777860888170602,35.03316307067871,-11.415875828563106,33.611757762848384,0.17476009766733835,34.605047982836524,-11.680501105293395,0.809640698016636,2.186329651687105,11.683373709856454
13,32.97491831626756,0.17247391610117993,33.96925219437406,-11.668078282549713,33.15325803605337,0.17298245134334717,34.12890234447661,-11.486266756814624,0.8034049036010863,2.130574105114772,11.516807572595004
14,32.661694253466734,0.17109735599085954,33.66692293411472,-11.763260921973774,33.51477504911877,0.17532003493536086,34.516316368466335,-11.768613966684493,0.8138521474505228,2.2403641919620703,11.892380558076452
15,31.53247850051554,0.16537357938353278,32.56614298837465,-11.990381029577017,33.43067299373566,0.17458425060151114,34.41978914775546,-11.637005306425548,0.8078989992066036,2.2050646815383645,11.706090291341146
16,32.27954381725542,0.16906720283192672,33.30201266923409,-11.915358629939394,31.230478165641664,0.1641320324842892,32.27026694161551,-12.039207473633782,0.814610187023405,2.1808498609261435,12.119315671139075
17,31.731665234548764,0.16651169353850795,32.7673278754292,-12.021743540237807,31.453083613562207,0.16518216012489229,32.49160021827335,-12.036987819368877,0.8139685061242845,2.2234433908931543,12.155844547709481
18,31.865557195453032,0.16699665980380413,32.902496645034844,-12.039361860404235,30.68756930033366,0.161203239172224,31.733490626017254,-12.071243467785063,0.814040083733816,2.190115057054113,12.147297984263936
19,30.951566850587568,0.16248053967873186,32.02409621744393,-12.350098659983733,32.327026730492,0.16973715003520723,33.344943485562766,-11.876541198246063,0.8128702120175437,2.223969686226767,11.939014497350474
20,30.809468439041083,0.16175371164528926,31.86956993286296,-12.218552175365733,29.403038781786723,0.15515447514397757,30.489893913269043,-12.420093733166892,0.8230351729998513,2.247065257641577,12.552435121228617
21,31.05685157538309,0.1630394354634968,32.11760653465244,-12.237943784197878,31.281953508891757,0.1632825114897319,32.35608040340363,-12.374096037849547,0.818432228905814,2.292562116656387,12.448139926843476
22,31.173830157921408,0.16361440937581648,32.23283086892125,-12.226151449400335,29.670312366788348,0.15652104195148225,30.761586386059957,-12.477952245682005,0.821997654816461,2.2837209086264334,12.521798087704566
23,30.59069685240233,0.16073894569007316,31.66567696880191,-12.357191067997672,30.69832780626085,0.16111441051203107,31.774334498814174,-12.37120805467878,0.8276649155314006,2.2716824650764464,12.426321585973104
24,30.684664924798064,0.16129895866420982,31.75568059500426,-12.323146631709196,33.68468614608523,0.17607087464559645,34.68417524913001,-11.75560244302901,0.8137505432916066,2.2317577959999206,11.79134886605399
25,30.477096477861505,0.16027051548463594,31.558268523301095,-12.414425838036045,30.870915382627455,0.1629635507152194,31.96924622853597,-12.612943573603554,0.8224538734980992,2.27970294221755,12.629575575551678
26,30.587652722287434,0.16085613857013475,31.667195119891726,-12.403985442640094,29.73148959023612,0.15669978752968802,30.83993347107418,-12.651437698848664,0.8260431128834921,2.3107852240403495,12.655286995569865
27,29.91309207868746,0.15748629760116445,31.0084525478268,-12.528467339553018,30.073310034615652,0.15799763266529357,31.179544312613352,-12.642318695310562,0.829915442163982,2.3064251561318674,12.700839688701015
28,30.23584017804509,0.15900277893897477,31.329449743562744,-12.52612366879962,29.684090190463596,0.156430736065857,30.797308013552712,-12.696485171242365,0.8265977870850336,2.273002444720659,12.861601079096559
29,29.78815968265737,0.15692013054688417,30.89403045389576,-12.627908295159662,31.01879110790434,0.16283017148574194,32.0760073283362,-12.200465822976733,0.8275203525073944,2.2626133311179375,12.298183456543953
30,29.854879053462017,0.15693827721147774,30.953650737572396,-12.557100161114622,29.17558653392489,0.15312258810514495,30.300251885065958,-12.777879518175881,0.829658157295651,2.2981920857583322,12.82201450101791
31,30.200552270081545,0.15883795685032084,31.294757966893425,-12.53043653447433,30.437211006406752,0.15979581941214818,31.51810341789609,-12.406882815890842,0.8265839361009144,2.2341915081287254,12.357483732289282
32,30.188404144341412,0.15883465614368694,31.286888702908445,-12.573191558763225,28.323535026065887,0.1498475664901355,29.450747989472887,-12.770604587736583,0.8340142454419818,2.3054633935292563,12.87494552930196
33,29.470893294785796,0.15526699026867588,30.57656067885538,-12.609342990820942,30.038294792175293,0.15858047443722922,31.14032250358945,-12.60607848091731,0.8256499776764522,2.3211058576901755,12.662045590082805
34,29.296426498168728,0.1543947098995443,30.413758257529913,-12.717265220723542,31.342904923454164,0.16490064041009025,32.42134739103771,-12.433432397388277,0.8171535522218735,2.240901960701239,12.503956607130707
35,29.157512401770866,0.15372996815742124,30.280972341625716,-12.771898800792219,29.320854232424782,0.15425287411799507,30.465275416298518,-12.986739098079621,0.8302707359904334,2.3414442633825634,13.052400922018384
36,29.415464352034164,0.15497310053278754,30.532879374629662,-12.723881466957174,29.022632341536266,0.1536265525316435,30.14591456216479,-12.769088805667938,0.832327782161652,2.3342580910651916,12.825985877744612
37,29.203544769422862,0.1540045549834538,30.333230967199253,-12.836906918427275,29.068795522054035,0.1533652510907915,30.21157199617416,-12.96141503349183,0.8331382605764601,2.3337155712975397,13.001774136982267
38,29.55364337595332,0.15559938540052476,30.67410226563966,-12.760583791020078,28.611448757232182,0.15101698821499235,29.764395622980025,-13.03963820139567,0.8323666368212018,2.374984743133668,13.092580041577738
39,29.62974292612585,0.1560859298366669,30.750232499689393,-12.765754631829855,28.82595667763362,0.15186087893588202,29.94762308635409,-12.735273936438182,0.8252737181527274,2.289577973516364,12.765866413451077
40,29.305165465616245,0.15437631083659006,30.426923814617442,-12.761346864530625,28.05742328886002,0.14846057846905694,29.234837426079643,-13.258747600373768,0.8335498968760172,2.383615432247039,13.331146486343876
41,29.08328761239917,0.15320691347678997,30.214397564477345,-12.843168752473444,30.98911265721397,0.16258860970773395,32.085166431608656,-12.586423616560678,0.8239418391197447,2.300444183746974,12.624661445617676
42,28.540923354464493,0.15062058347134827,29.681539633944364,-12.912368443512833,28.20916374145992,0.14898170932890878,29.35690471104213,-12.967225801377069,0.8371422896309505,2.3181773242303882,13.010292473485915
43,29.03008558402282,0.1530933694721753,30.16740158359351,-12.90409339789394,28.78435296860952,0.15193536002484578,29.914600841582768,-12.821831536671471,0.8332984428557139,2.3409441232681276,12.891996558507284
44,28.96389394977339,0.15276640710616451,30.10365689946239,-12.925294616468436,28.904477149721178,0.15212608649144096,30.055892883785187,-13.035420856778584,0.8322839746399532,2.372672806183497,13.140539232889811
45,29.01077762617335,0.1530622743547387,30.146862953158884,-12.891475526463518,28.766762703184096,0.15185491811661495,29.90885241069491,-12.939444768996466,0.8285943184580121,2.296091239960467,13.059937070627681
46,29.233067548147723,0.1541335728430451,30.36458852367469,-12.856545516180399,28.776086050366597,0.1519936290052202,29.939254215785436,-13.151616777692523,0.8307753905417428,2.3632789518012376,13.22975630838363
47,28.669238399356285,0.15122322492911297,29.813624005300717,-12.956087945619087,28.5135657446725,0.1504386772239019,29.641014977106973,-12.778877212887718,0.8369812918087792,2.2868455843847304,12.785624926207495
48,28.89478288426518,0.15248169507367332,30.036973859915953,-12.94672658010734,29.407405111524795,0.15485898476271404,30.538468769618444,-12.859227725437709,0.8359410185662527,2.3529417591710247,12.917673003289007
49,28.439819273151112,0.15000936906665457,29.59473999199918,-13.049300951465593,29.498753381153893,0.15531413647390546,30.609153414529466,-12.657140807499962,0.835341785635267,2.354080515392756,12.777814477176989
50,28.721763340179606,0.15162050152641598,29.868984958879466,-12.98842066632471,29.39436870151096,0.1540583586172452,30.512021170722115,-12.717107893928649,0.8320985455361624,2.3853890700418443,12.779717711151623
51,28.665004540168518,0.1513354092226546,29.82126195235609,-13.075927717405706,29.969439809284513,0.15757134828775649,31.088865401252868,-12.769969031924294,0.8344378168620761,2.336101323839218,12.824642968556237
52,28.3028203108981,0.14949028876036724,29.46127115704411,-13.079411472714245,28.412483578636532,0.15009026347644747,29.551534334818523,-12.891410661122155,0.8303522760905917,2.3170448104540506,12.978211720784506
53,28.77003840280173,0.15194007597890188,29.915907347329572,-12.978089819599301,30.00854007781498,0.15779142838621896,31.123687653314498,-12.729390098935081,0.8300880241015601,2.3261634033234393,12.756814518912893
54,28.244546754504437,0.14900765890169398,29.402909485895016,-13.07370461009151,29.378806795392716,0.15500663894982564,30.514865663316513,-12.910655203319731,0.8348244239413549,2.336619822184245,13.016147009531657
55,28.836701870813066,0.1520190351904499,29.985529853780076,-13.008469736024578,28.088492514595153,0.14808720988886698,29.247249361068484,-13.06843984694708,0.8381605952505081,2.368171437841947,13.140879552872455
56,28.102904294309244,0.1484757463291977,29.261714343074377,-13.072857227189685,29.179171986050076,0.1538453855448299,30.327586370801168,-13.022596495492119,0.8279024882922097,2.379500808254365,13.083816897484564
57,28.210993953446902,0.14890051507175606,29.37465477668518,-13.125613977900603,27.53271237630693,0.1451077319326855,28.7012271275596,-13.136223596239846,0.8382663310520233,2.391531853448777,13.173932469080365
58,28.236370157940957,0.14901114825252113,29.398753376617975,-13.113943777050412,27.0204915621924,0.1427896854778131,28.19652617923797,-13.188243941655236,0.8406728250639779,2.3726587564714494,13.225980497175648
59,28.203364121107867,0.14917806006331674,29.37320955283277,-13.190235025942114,27.97872865767706,0.1475502551784591,29.137345465402756,-13.06167121160598,0.836009386986021,2.388371467590332,13.156887617267547
60,28.073318284601502,0.14829674492394584,29.23817066620253,-13.13149140483544,27.538969327533056,0.14526246559052242,28.722354434785387,-13.286474318731399,0.8430698977576362,2.372133657083673,13.410511614912647
61,28.150578607443812,0.14862570222268326,29.316841843289414,-13.14888906309189,27.2084997419327,0.1436063858961302,28.39973493606325,-13.34841649494474,0.8383516905799745,2.4137683953008344,13.422666888083182
62,28.09518128527441,0.14841752357489274,29.266509838375757,-13.19746041722145,29.431650706699916,0.1549377123278285,30.56104272509378,-12.843297882685585,0.8306726567328923,2.355484767038314,12.859824133701013
63,27.98037840547935,0.1478012632910043,29.15178508011896,-13.192079325163492,27.543402823190842,0.14581619959975045,28.707433609735396,-13.098470990619962,0.8383139334027729,2.3587537580920803,13.142236709594727
64,28.119471151209385,0.14876858492338785,29.29012335746738,-13.194208944395344,29.86709467569987,0.1570943865984205,31.00339785076323,-12.933975219726562,0.8347112744573563,2.339148594487098,12.93779565441993
65,27.809741933999113,0.14695590859100063,28.984902977519187,-13.221168436613796,27.168391379099045,0.1433769469814641,28.366517021542503,-13.41502583216107,0.8401580282620021,2.3987633596386826,13.439301440590306
66,28.313096144869657,0.14931086595319343,29.48172120437079,-13.179358797989707,29.15289529164632,0.15423893845743603,30.300940377371653,-13.022839667305114,0.8294768021220252,2.3775476524906773,13.077285012891215
67,27.43554795594402,0.14502787041839119,28.618484356225174,-13.279642478427004,27.358328698173402,0.1449540342603411,28.532794589088077,-13.19419661022368,0.8411517691990685,2.4120696884090616,13.226600162053513
68,27.508718018854214,0.145615194390571,28.697763456568598,-13.346606563418785,28.180848273019944,0.14825597310823108,29.339694537813703,-13.071024084848071,0.8371775131376963,2.4065345037178916,13.182134174909748
69,27.85288270597356,0.14724064145727725,29.03473755473344,-13.290954940259669,27.104417074294318,0.14357964860068428,28.297188213893346,-13.36350793687124,0.8431987289398436,2.3641978313052463,13.420142446245466
70,27.391703439352774,0.14516781818691735,28.57607106381888,-13.295355070528187,28.752559328836107,0.151834865647649,29.907269053988987,-13.065444734361437,0.8359790709283617,2.383672337378225,13.111841447891727
71,28.394918740432033,0.14982657731109666,29.561308786113916,-13.162167029024443,27.614490569583953,0.14587361696693632,28.78843159145779,-13.198147576952737,0.8359314430327642,2.423836906077498,13.226992978888044
72,28.040874924099743,0.14802911996947488,29.20900874460295,-13.161628412606452,27.36033040001279,0.1449224337462395,28.56150499979655,-13.460972082047235,0.8378391000959609,2.4262627998987836,13.532318011919658
73,27.572123481709763,0.1459003189691339,28.76504934215885,-13.388261739045275,27.518567448570614,0.14568360268123567,28.694459582132005,-13.21575821770562,0.8393612683765472,2.3886535366376243,13.329546944300334
74,27.624051402896324,0.14604874615461377,28.815121816994882,-13.371191902092768,28.513270862518795,0.1501529510059054,29.694144491165403,-13.310269295223176,0.8378684586948819,2.37629002625825,13.355330936244277
75,27.711819952493038,0.1464655741227267,28.905680043841596,-13.40325671243498,27.68579566289508,0.14676829545743883,28.87239058055575,-13.333628881545295,0.8412407286583431,2.428569229443868,13.397489579518636
76,27.864140617465633,0.14736572275223256,29.048278021218515,-13.315031365567679,27.65443938119071,0.14613453724554606,28.849161783854168,-13.40856959327819,0.8440919196794904,2.4485493540763854,13.499935229619345
77,26.986233494035716,0.143031672094004,28.191671551334476,-13.484696781083782,27.904952018979994,0.14735310447831002,29.08696397145589,-13.293652019803487,0.8421072638224042,2.404659834064421,13.325525127473425
78,28.013662114262157,0.1479830523932956,29.197961561196216,-13.322824586752894,28.03739122360472,0.14824771443529736,29.233415331159318,-13.442719550359817,0.8356081928525653,2.389974259561108,13.47010761691678
79,27.73497388880448,0.14664494630042132,28.921871414388203,-13.335424917024225,27.327142488388787,0.1443785766050929,28.52656500680106,-13.438010609339154,0.8427173883195908,2.438708915085089,13.466979245670506
80,27.804279357937308,0.14688851513976092,28.98512166929415,-13.277307994000852,28.078624089558918,0.14804101386477078,29.25360261826288,-13.230194909232003,0.8341107907749358,2.3913364000007755,13.221634630297052
81,27.143469216560554,0.1437995771734952,28.343925101052825,-13.442554185398958,27.08773036230178,0.1429530508697979,28.307297752017067,-13.625204010615272,0.8420020218879457,2.452624284452008,13.71904819242416
82,27.843459276966353,0.14716683071623707,29.029553023097353,-13.332606364823745,27.976983494228786,0.14813320190897064,29.15321997990684,-13.24369574350024,0.8399851483012003,2.454983456660125,13.301507594221729
83,27.57288482604926,0.14587719200901503,28.767423587337507,-13.404159584927813,27.846604967874192,0.14744657857550514,29.031994683401926,-13.328363070412287,0.8386263383759393,2.379021063927681,13.369639165939823
84,27.458050763479754,0.14528206672877392,28.649154921019203,-13.363861548943028,26.44095584324428,0.13988085020156132,27.64285261668856,-13.41777769724528,0.8438332260601105,2.4191311049082924,13.440102728586348
85,27.345375559932396,0.14456147247812715,28.54089249580356,-13.400784161591446,28.82969956170945,0.15208472985596883,29.9898103532337,-13.121954357813275,0.8392979483755808,2.411191651898046,13.168936606376402
86,26.666226600837028,0.14128379446862008,27.884026434073668,-13.590835981945975,27.9955993833996,0.1483654687328944,29.1793089972602,-13.320751341562422,0.8412964533245753,2.408465933799744,13.426597674687704
87,27.47246096057824,0.14537164738594,28.669138412882848,-13.420491462924726,27.48584798782591,0.14551026173054227,28.695951007661364,-13.55613340650286,0.8424102455850632,2.4416864420238293,13.777275972199021
88,27.126370674350508,0.14374222987566768,28.34049773301094,-13.578692656819083,28.138125404479013,0.1487634043608393,29.3238645886618,-13.345026001097663,0.8472107563699994,2.4002964144847434,13.341820326007781
89,27.53572385421427,0.14566278199125016,28.728951462647245,-13.38890391142767,26.163737039717418,0.13880300226192627,27.387513554285444,-13.625796075851198,0.8439199110818287,2.4743801133107333,13.696743464065811
90,27.720333895225117,0.14654899602656474,28.92010775664523,-13.463228074681291,27.29972093067472,0.1442598695792849,28.506190587603857,-13.507296002100384,0.8441307525786143,2.480520112173898,13.525236099485367
91,26.826540588908347,0.14223084419806656,28.03934541885539,-13.550356627359085,28.02721311175634,0.1475982256825008,29.191060868520584,-13.114463079543341,0.8373093803723654,2.4034582722571587,13.125254707951699
92,27.093232136179967,0.1435863983906885,28.299674327687438,-13.500286407742212,26.992527492462642,0.142785415289894,28.190018638731942,-13.402765243772476,0.8461709249587286,2.4129071352911775,13.445893428364737
93,27.11207109838194,0.14338266168094616,28.31945265400028,-13.507641848296034,25.63541295036437,0.13591479107974067,26.885070861332,-13.855728860885378,0.8498904496904404,2.44115864833196,13.938211139043172
94,27.32570165926027,0.14484432144123677,28.529776571484224,-13.489192217694482,26.23799599541558,0.1392270295865952,27.454937465607173,-13.561684578184098,0.8441820958304027,2.429062917314727,13.715770228155728
95,26.895664948161386,0.142601863550705,28.114605523513305,-13.615424607572182,27.989688419160387,0.1476380243187859,29.187209507775684,-13.451590310959588,0.8376338680585226,2.4132038779177907,13.549576613862635
96,27.170436446777018,0.1438467046941939,28.380305490459836,-13.537158431531696,26.605742348564995,0.1410304285467617,27.841129484630766,-13.764177095322381,0.8442691195578802,2.3949448593327256,13.843139523365458
97,26.609496111547397,0.14094356869702027,27.831709746364172,-13.631570849978626,27.7095762283083,0.14654015749692917,28.907392183939617,-13.443564611767966,0.8396702995375981,2.4411273164264227,13.479009094884841
98,27.395458806027722,0.14493711511488486,28.598843771367736,-13.483220453364146,27.27038182152642,0.14445018035078805,28.481679401700458,-13.557478798760307,0.8426397594194563,2.454011074958309,13.657059331094064
99,27.079915538801416,0.14326592737616595,28.28846908209587,-13.518194425996937,26.39387942117358,0.1395891352541863,27.62470519353473,-13.70414838336763,0.8479476769765218,2.440642005107442,13.779920515466909
100,27.085444964548024,0.1430561117151772,28.287743049160017,-13.453541720040752,27.75097391340468,0.14691149845482812,28.938479166182262,-13.34416811806815,0.8404688797299824,2.3957473556200664,13.362206761042277
101,26.9977312249221,0.14297928745291624,28.211453537924008,-13.567015335653176,25.986141643826922,0.1383773802764832,27.236181667872838,-13.8841735294887,0.8472376541485862,2.456436191835711,13.923035421679097
102,26.348942626837733,0.13970704617316826,27.581974136447567,-13.72738576698982,27.57815821208651,0.1460842833159462,28.785883842952668,-13.538097230214921,0.8420966504112123,2.4693914731343587,13.571095101038615
103,27.408660420319364,0.14496941617242595,28.623138624578186,-13.594476295959907,27.16802780211918,0.1438944929885486,28.3802098319644,-13.560764418707954,0.8489663411700537,2.4186995710645403,13.585510526384626
104,27.617483912837887,0.14597542738389502,28.820846118112478,-13.493376273701625,28.874667985098704,0.15237178499736484,30.031853751530722,-13.095575060163226,0.83921941594472,2.4074402558998984,13.120554314285028
105,26.896450212417548,0.1424467623021679,28.11375174573308,-13.597483490709733,27.39604135543581,0.14554744154687912,28.627370501321458,-13.768768764677501,0.844508653595334,2.4259398025378847,13.75860607414915
106,26.929684800185342,0.14282784028330095,28.146677821556445,-13.598209491403926,27.532946177891322,0.14520685433868377,28.732621404859756,-13.448821067810059,0.8430093829593961,2.4807154000815697,13.476817034058652
107,26.693388787877094,0.14166105960850403,27.91641083815768,-13.6468307115005,28.650868991064648,0.1513082394524226,29.818812355162606,-13.192515085613916,0.8353939046935429,2.44140811363856,13.338941017786661
108,27.208249993171556,0.14408501039434796,28.421172788558906,-13.570077325949889,26.605556253402952,0.1409385379344698,27.840428125290643,-13.758104112413195,0.8458184401194254,2.4465471012838957,13.82532915575751
109,26.374901323556053,0.13999836820300363,27.6061027754244,-13.711998425344555,28.55015830388145,0.15104630920622084,29.751625136723593,-13.525134177435012,0.8385898026209029,2.4087446847204435,13.630414073750124
110,26.50977720314922,0.1404317114369619,27.741637929054342,-13.722924385206555,28.11270927247547,0.14820860941258687,29.30801691327776,-13.435162756178114,0.8416590009416852,2.4409397417499172,13.466384533912905
111,27.057808772524904,0.14338993771644673,28.2742083946581,-13.597895737644617,26.215056979466997,0.1392123368051317,27.459450282747785,-13.836056240021236,0.8453872714723859,2.4853104098898466,13.809297592913518
112,26.329567894816822,0.13952380420766056,27.56236838955048,-13.72324328744963,27.217273939223517,0.14406141804324257,28.425612222580682,-13.523995641678098,0.8434625343670921,2.4449143308704184,13.539384098376258
113,26.44501998500892,0.1402974017295867,27.676586770502272,-13.718642484250866,25.142312019590346,0.1340404109704116,26.392074040004186,-13.83802368527367,0.8455148935317993,2.429086181425279,13.855840990620274
114,27.215978905823732,0.14396959635366113,28.429191884621183,-13.57182635955539,26.977906999133882,0.14247889461971464,28.191761622353205,-13.563335524664986,0.8491098275260319,2.466920450085499,13.624630787333505
115,26.79389238527237,0.1419837614885959,28.02291307585095,-13.710044455273719,27.533123727828738,0.14593717538648182,28.747434010581365,-13.602474409436423,0.8423236476050483,2.4148959605420224,13.655796363705495
116,26.463577504684068,0.14045275232068585,27.691705781794102,-13.685810487889734,26.54222515651158,0.1408688532454627,27.768545544336714,-13.671891061086503,0.8474881308419364,2.442634149392446,13.696027485529582
117,26.599883483398003,0.1410276549354567,27.83834691064638,-13.794910626055083,26.460973436870272,0.14033307578592075,27.689708520495703,-13.690682698809912,0.8504367413974944,2.4889837405720696,13.804866759503474
118,26.451844520840357,0.1403486188169688,27.69158644353792,-13.800905324386108,25.004662740798224,0.1328831993871265,26.254779906499955,-13.83000299665663,0.8539014562727913,2.493985652923584,13.927617816601769
119,27.445533408813205,0.14506007837018933,28.656015004127475,-13.555416462684441,27.48095895373632,0.1457893763861013,28.70037307436504,-13.652035576956612,0.8454445581587534,2.4761077165603638,13.66831971804301
120,26.998924637180206,0.14293277189400697,28.22194459514686,-13.659527563115455,25.811373574393137,0.13716527725022937,27.04573239220513,-13.715239873008123,0.8502798941400316,2.491180724784976,13.712656896622455
121,26.40298330232342,0.1400284655657315,27.639271104887285,-13.763162967573281,26.717770652165488,0.14127897287881563,27.938929088531978,-13.62437529790969,0.8484214251003568,2.460624504897554,13.588169582819534
122,26.65661687783075,0.14136060620276952,27.883383722067727,-13.681275455977145,27.45915605151464,0.14489731328591468,28.67100956326439,-13.567509075951955,0.8484806068359859,2.428687678008783,13.626200488356293
123,26.088883854740455,0.1385850496258706,27.33209133487579,-13.817926033535887,26.81386908273848,0.14130312429061012,28.038386541699605,-13.658205955747574,0.8471336894565158,2.473128895605764,13.771938554702267
124,25.993340999630423,0.1379450653344923,27.2377968547183,-13.82400971714712,27.63613329993354,0.1461437503023753,28.84134330446758,-13.513540283082024,0.8396068281597562,2.4511767762606262,13.570024740500529
125,26.890051784040242,0.1421784732451006,28.122206521628165,-13.743332479347963,24.752748353140696,0.13169670802733255,26.03172909267365,-14.106775404914977,0.8582405306044079,2.5053326391404673,14.111839986616566
126,26.37995487430342,0.1398341437848119,27.619616226793607,-13.79495498548623,26.13414104401119,0.13868939249761522,27.36403489491296,-13.685832871331108,0.8476180803208124,2.456228074380907,13.871872158373817
127,26.495096831135054,0.14050210929505552,27.731361177043983,-13.76766529032344,27.718568983532133,0.14612650664316285,28.927803463406033,-13.55361276959616,0.8426270305164276,2.450861178460668,13.597182086256684
128,27.54605358945093,0.14578159858747733,28.76394704397887,-13.636749965016104,27.473724501473562,0.1454446901168142,28.704620119125124,-13.76340439206078,0.8407097430456252,2.443027073337186,13.767377007392145
129,26.800032016645545,0.14189582569292644,28.037124647364497,-13.789884256722663,27.232017365712966,0.14353668884862036,28.45049067905971,-13.620100127326118,0.8450851847255041,2.462999232353703,13.650456628491801
130,26.97063654427851,0.1428872480246096,28.196998438376973,-13.692491600946175,28.18783130342998,0.14975138304252472,29.386816388084775,-13.487365919446189,0.8439471485122801,2.4556679487228394,13.605437835057577
131,26.145294471143405,0.13857789539145404,27.387475478691563,-13.80758881993141,26.412824872940305,0.14010614192201978,27.636004160320947,-13.632854461669922,0.8456965959261334,2.4409082111765126,13.694164729509197
132,26.820330102248548,0.1421104037729871,28.0474965360241,-13.692768268313696,26.60866295345246,0.14148985038674067,27.847470177544487,-13.802970053657653,0.8495810277878292,2.4723006140801216,13.843105254634734
133,26.133073285805374,0.13869845889694327,27.376699776836137,-13.823249110971906,25.899243158007426,0.1370027061729204,27.18234984079997,-14.20109438517737,0.85223046370915,2.5471668283144635,14.251342137654623
134,26.437614948299856,0.1404017522679211,27.68045429148284,-13.83241073092532,26.68694521888854,0.14163947324194606,27.913382515074716,-13.680767922174363,0.8495262511192806,2.459098958200024,13.68583680737403
135,26.172861271481498,0.13886596205448765,27.422205565238762,-13.882102323172356,27.80293661450583,0.14713781433446066,29.02809883299328,-13.723003084697421,0.8484318142845517,2.4649619287060154,13.7803667899101
136,25.963991937264005,0.13805581367445374,27.218833086753655,-13.928969636082225,26.14911088489351,0.13850456700911598,27.39833851466103,-13.877321515764509,0.8500245364885481,2.4882251551893892,13.971259601780625
137,26.583604249241514,0.14084602535115653,27.823513434875053,-13.807552446249964,26.964897625030034,0.14289812684532197,28.19990901341514,-13.77909340934148,0.8490154071459695,2.4838880828169527,13.942278377345351
138,26.742342410986957,0.14186147853626052,27.98407396302953,-13.835930788644268,26.62277989160447,0.14044197755200521,27.85365625411745,-13.713183418152825,0.8511184709412711,2.523428475856781,13.768349250157675
139,26.564372588731217,0.14074576813793904,27.80776964812092,-13.84142796933863,26.977237656002952,0.14303562364407948,28.224446917337083,-13.902450591798813,0.8479425519231766,2.487627135382758,13.928143728347052
140,26.470285086445113,0.14032308064613266,27.716180375462326,-13.86218345207676,26.262033704727415,0.13853629713966734,27.52301261538551,-13.99515121702164,0.8549858397907681,2.539610339749244,13.998365909822526
141,26.333711503663523,0.13959589239965553,27.576060452919414,-13.81944823519615,25.80121414245121,0.13704048901323287,27.084644923134455,-14.204711686997186,0.8472446468141344,2.4855965004592644,14.242877444282907
142,26.37899775097803,0.1399848920647784,27.629941008693383,-13.909281065455534,26.182575119866264,0.1390447568680559,27.429431415739515,-13.859010348244318,0.8518475577944801,2.4822338877185697,13.927629470825195
143,26.58583537285014,0.14110659225926706,27.824764087106832,-13.800352985748617,26.49153486887614,0.1397527042953741,27.710900624593098,-13.591184010581365,0.8487116363313463,2.466444332091535,13.600986511980901
144,26.527811192957106,0.14078590596671417,27.76974477462497,-13.827195069119599,25.345273093571738,0.13481390476226807,26.607420119028244,-13.9696074137612,0.8535039405974131,2.5326563684563888,13.969479544120922
145,26.50244845699161,0.14049304051331354,27.744854046356636,-13.828986177240827,25.253339494977677,0.13440090571604077,26.52842399052211,-14.094852780538892,0.8538659792097788,2.5189886627526117,14.13805501214389
146,26.303735841635707,0.13957211044467854,27.557756478251935,-13.935927749104348,26.42153747498043,0.13993424803964674,27.67764469933888,-13.960413736010354,0.8533491577420916,2.4850721018654958,14.03167700389075
147,26.242357579838764,0.13923665010817746,27.49043452103367,-13.87313608427489,25.80241958678715,0.13722448228370576,27.05647589668395,-13.912807343498109,0.859007926214309,2.4745207810011065,14.073594703048956
148,26.451692714385715,0.14043684340217996,27.69641756926567,-13.85161673386326,27.529277634999108,0.14596758575903046,28.741635685875302,-13.583255480206201,0.8449286969881209,2.4285818631531764,13.705263247255418
149,25.887481350915714,0.13756195766672333,27.149192065106593,-13.992726948761856,26.972137027316624,0.1428899834789927,28.196583096943204,-13.673360431005085,0.8466172634609161,2.4910682093712593,13.737164728103146
